Station,Name,Area,Hole,Tag,NOS,LSM Address,LSM Offset,Wire Path
1-1-1,"~!@#$%^&*()_+<>?:""{}|",G,1,,-1,1D84A1,2,5-451
1-1-2,"`1234567890-=[];',./",G,1,,251,1D8498,0,1-001
1-1-3,Sta 3,G,1,,1,1D8492,1,1-001
1-1-4,Sta 4,G,1,,1,1D849F,1,1-001
1-1-5,Sta 5,G,1,,1,1000EF,1,1-001
1-1-6,Sta 6,G,1,,1,100144,1,1-001
1-1-7,Sta 7,G,1,,1,1000C6,1,1-001
1-1-8,Sta 8,G,1,,1,10013E,1,1-001
1-1-9,Sta 9,G,1,,1,10015B,1,1-001
1-1-10,Sta 10,G,1,,1,1000C9,1,1-001
1-1-11,Sta 11,G,1,,1,100192,1,1-001
1-1-12,Sta 12,G,1,,1,1000B0,1,1-001
1-1-13,Sta 13,G,1,,1,100299,1,1-001
1-1-14,Sta 14,G,1,,1,10029D,1,1-001
1-1-15,Sta 15,G,1,,1,100241,1,1-001
1-1-16,Sta 16,G,1,,1,1000E0,1,1-001
1-1-17,Sta 17,G,1,,1,10021B,1,1-001
1-1-18,Sta 18,G,1,,1,100220,1,1-001
1-1-19,Sta 19,G,1,,1,100218,1,1-001
1-1-20,Sta 20,G,1,,1,1001CA,1,1-001
1-1-21,Sta 21,G,1,,1,1001B5,1,1-001
1-1-22,Sta 22,G,1,,1,10021A,1,1-001
1-1-23,Sta 23,G,1,,1,1001BD,1,1-001
1-1-24,Sta 24,G,1,,1,1001D6,1,1-001
1-1-25,Sta 25,G,1,,1,100264,1,1-001
1-1-26,Sta 26,G,1,,1,100201,1,1-001
1-1-27,Sta 27,G,1,,1,10026B,1,1-001
1-1-28,Sta 28,G,1,,1,10006B,1,1-001
1-1-29,Sta 29,G,1,,1,100273,1,1-001
1-1-30,Sta 30,G,1,,1,100234,1,1-001
1-1-31,Sta 31,G,1,,1,100271,1,1-001
1-1-32,Sta 32,G,1,,1,100083,1,1-001
1-1-33,Sta 33,G,1,,1,1001E4,1,1-001
1-1-34,Sta 34,G,1,,1,1001F1,1,1-001
1-1-35,Sta 35,G,1,,1,100018,1,1-001
1-1-36,Sta 36,G,1,,1,1001EE,1,1-001
1-1-37,Sta 37,G,1,,1,10001B,1,1-001
1-1-38,Sta 38,G,1,,1,100019,1,1-001
1-1-39,Sta 39,G,1,,1,100270,1,1-001
1-1-40,Sta 40,G,1,,1,100221,1,1-001
1-1-41,Sta 41,G,1,,1,1001BF,1,1-001
1-1-42,Sta 42,G,1,,1,1001B3,1,1-001
1-1-43,Sta 43,G,1,,1,1001B6,1,1-001
1-1-44,Sta 44,G,1,,1,1001FA,1,1-001
1-1-45,Sta 45,G,1,,1,1001C9,1,1-001
1-1-46,Sta 46,G,1,,1,10021D,1,1-001
1-1-47,Sta 47,G,1,,1,10008B,1,1-001
1-1-48,Sta 48,G,1,,1,1001C5,1,1-001
1-1-49,Sta 49,G,1,,1,100110,1,1-001
1-1-50,Sta 50,G,1,,1,10022D,1,1-001
1-1-51,Sta 51,T,1,,1,1001E7,1,1-001
1-1-52,Sta 52,T,1,,1,1001D2,1,1-001
1-1-53,Sta 53,T,1,,1,10021F,1,1-001
1-1-54,Sta 54,T,1,,1,100107,1,1-001
1-1-55,Sta 55,T,1,,1,10011B,1,1-001
1-1-56,Sta 56,T,1,,1,100115,1,1-001
1-1-57,Sta 57,T,1,,1,1D84A2,1,1-001
1-1-58,Sta 58,T,1,,1,1D846F,1,1-001
1-1-59,Sta 59,T,1,,1,1D849A,1,1-001
1-1-60,Sta 60,T,1,,1,1D848B,1,1-001
1-1-61,Sta 61,T,1,,1,100127,1,1-001
1-1-62,Sta 62,T,1,,1,1000BC,1,1-001
1-1-63,Sta 63,T,1,,1,100001,1,1-001
1-1-64,Sta 64,T,1,,1,100112,1,1-001
1-1-65,Sta 65,T,1,,1,1001F4,1,1-001
1-1-66,Sta 66,T,1,,1,100185,1,1-001
1-1-67,Sta 67,T,1,,1,10018E,1,1-001
1-1-68,Sta 68,T,1,,1,10012E,1,1-001
1-1-69,Sta 69,T,1,,1,100195,1,1-001
1-1-70,Sta 70,T,1,,1,100280,1,1-001
1-1-71,Sta 71,T,1,,1,1000E1,1,1-001
1-1-72,Sta 72,T,1,,1,100065,1,1-001
1-1-73,Sta 73,T,1,,1,1000AF,1,1-001
1-1-74,Sta 74,T,1,,1,100194,1,1-001
1-1-75,Sta 75,T,1,,1,10011A,1,1-001
1-1-76,Sta 76,T,1,,1,100063,1,1-001
1-1-77,Sta 77,T,1,,1,10008F,1,1-001
1-1-78,Sta 78,T,1,,1,10008C,1,1-001
1-1-79,Sta 79,T,1,,1,100069,1,1-001
1-1-80,Sta 80,T,1,,1,100196,1,1-001
1-1-81,Sta 81,T,1,,1,1001FC,1,1-001
1-1-82,Sta 82,T,1,,1,100260,1,1-001
1-1-83,Sta 83,T,1,,1,1D2F68,1,1-001
1-1-84,Sta 84,T,1,,1,100244,1,1-001
1-1-85,Sta 85,T,1,,1,100298,1,1-001
1-1-86,Sta 86,T,1,,1,100246,1,1-001
1-1-87,Sta 87,T,1,,1,100209,1,1-001
1-1-88,Sta 88,T,1,,1,194DC7,1,1-001
1-1-89,Sta 89,T,1,,1,1001A1,1,1-001
1-1-90,Sta 90,T,1,,1,1000A4,1,1-001
1-1-91,Sta 91,T,1,,1,100090,1,1-001
1-1-92,Sta 92,T,1,,1,10001E,1,1-001
1-1-93,Sta 93,T,1,,1,100058,1,1-001
1-1-94,Sta 94,T,1,,1,100104,1,1-001
1-1-95,Sta 95,T,1,,1,1000F3,1,1-001
1-1-96,Sta 96,T,1,,1,1000A2,1,1-001
1-1-97,Sta 97,T,1,,1,100255,1,1-001
1-1-98,Sta 98,T,1,,1,100075,1,1-001
1-1-99,Sta 99,T,1,,1,1001FB,1,1-001
1-1-100,Sta 100,T,1,,1,10029B,1,2-002
1-1-101,Sta 101,F,1,,1,10019A,1,2-002
1-1-102,Sta 102,F,1,,1,100161,1,2-002
1-1-103,Sta 103,F,1,,1,100207,1,2-002
1-1-104,Sta 104,F,1,,1,10022E,1,2-002
1-1-105,Sta 105,F,1,,1,1001E9,1,2-002
1-1-106,Sta 106,F,1,,1,1001D9,1,2-002
1-1-107,Sta 107,F,1,,1,10021E,1,2-002
1-1-108,Sta 108,F,1,,1,1001EF,1,2-002
1-1-109,Sta 109,F,1,,1,100213,1,2-002
1-1-110,Sta 110,F,1,,1,100210,1,2-002
1-1-111,Sta 111,F,1,,1,1001D8,1,2-002
1-1-112,Sta 112,F,1,,1,1001C0,1,2-002
1-1-113,Sta 113,F,1,,1,1D84A3,1,2-002
1-1-114,Sta 114,F,1,,1,1D8481,1,2-002
1-1-115,Sta 115,F,1,,1,1D8497,1,2-002
1-1-116,Sta 116,F,1,,1,1D847F,1,2-002
1-1-117,Sta 117,F,1,,1,1001D4,1,2-002
1-1-118,Sta 118,F,1,,1,1001C4,1,2-002
1-1-119,Sta 119,F,1,,1,100205,1,2-002
1-1-120,Sta 120,F,1,,1,1001DD,1,2-002
1-1-121,Sta 121,F,1,,1,10019E,1,2-002
1-1-122,Sta 122,F,1,,1,1000A0,1,2-002
1-1-123,Sta 123,F,1,,1,100230,1,2-002
1-1-124,Sta 124,F,1,,1,100229,1,2-002
1-1-125,Sta 125,F,1,,1,100160,1,2-002
1-1-126,Sta 126,F,1,,1,100111,1,2-002
1-1-127,Sta 127,F,1,,1,100109,1,2-002
1-1-128,Sta 128,F,1,,1,100278,1,2-002
1-1-129,Sta 129,F,1,,1,1001DF,1,2-002
1-1-130,Sta 130,F,1,,1,1001F0,1,2-002
1-1-131,Sta 131,F,1,,1,1001EA,1,2-002
1-1-132,Sta 132,F,1,,1,1001DE,1,2-002
1-1-133,Sta 133,F,1,,1,1001AC,1,2-002
1-1-134,Sta 134,F,1,,1,1001C2,1,2-002
1-1-135,Sta 135,F,1,,1,1001E5,1,2-002
1-1-136,Sta 136,F,1,,1,1001E6,1,2-002
1-1-137,Sta 137,F,1,,1,1001B4,1,2-002
1-1-138,Sta 138,F,1,,1,1001DA,1,2-002
1-1-139,Sta 139,F,1,,1,1001D3,1,2-002
1-1-140,Sta 140,F,1,,1,1001E3,1,2-002
1-1-141,Sta 141,F,1,,1,1001CE,1,2-002
1-1-142,Sta 142,F,1,,1,100215,1,2-002
1-1-143,Sta 143,F,1,,1,1001D7,1,2-002
1-1-144,Sta 144,F,1,,1,1001CD,1,2-002
1-1-145,Sta 145,F,1,,1,100269,1,2-002
1-1-146,Sta 146,F,1,,1,100268,1,2-002
1-1-147,Sta 147,F,1,,1,10024E,1,2-002
1-1-148,Sta 148,F,1,,1,100293,1,2-002
1-1-149,Sta 149,F,1,,1,100204,1,2-002
1-1-150,Sta 150,F,1,,1,10024D,1,2-002
1-1-151,Sta 151,S,1,,1,10022A,1,2-002
1-1-152,Sta 152,S,1,,1,100153,1,2-002
1-1-153,Sta 153,S,1,,1,10017B,1,2-002
1-1-154,Sta 154,S,1,,1,100145,1,2-002
1-1-155,Sta 155,S,1,,1,10013A,1,2-002
1-1-156,Sta 156,S,1,,1,100147,1,2-002
1-1-157,Sta 157,S,1,,1,100143,1,2-002
1-1-158,Sta 158,S,1,,1,100157,1,2-002
1-1-159,Sta 159,S,1,,1,10014C,1,2-002
1-1-160,Sta 160,S,1,,1,100142,1,2-002
1-1-161,Sta 161,S,1,,1,100003,1,2-002
1-1-162,Sta 162,S,1,,1,100004,1,2-002
1-1-163,Sta 163,S,1,,1,100023,1,2-002
1-1-164,Sta 164,S,1,,1,100008,1,2-002
1-1-165,Sta 165,S,1,,1,100005,1,2-002
1-1-166,Sta 166,S,1,,1,10000F,1,2-002
1-1-167,Sta 167,S,1,,1,100007,1,2-002
1-1-168,Sta 168,S,1,,1,10000E,1,2-002
1-1-169,Sta 169,S,1,,1,20CDE7,1,2-002
1-1-170,Sta 170,S,1,,1,20CDEF,1,2-002
1-1-171,Sta 171,S,1,,1,20CDF5,1,2-002
1-1-172,Sta 172,S,1,,1,20CDE9,1,2-002
1-1-173,Sta 173,S,1,,1,10015F,1,2-002
1-1-174,Sta 174,S,1,,1,1001B2,1,2-002
1-1-175,Sta 175,S,1,,1,10026D,1,2-002
1-1-176,Sta 176,S,1,,1,100133,1,2-002
1-1-177,Sta 177,S,1,,1,1E6D02,1,2-002
1-1-178,Sta 178,S,1,,1,1E6CFE,1,2-002
1-1-179,Sta 179,S,1,,1,1E6D4E,1,2-002
1-1-180,Sta 180,S,1,,1,1E6CF6,1,2-002
1-1-181,Sta 181,S,1,,1,100235,1,2-002
1-1-182,Sta 182,S,1,,1,10020B,1,2-002
1-1-183,Sta 183,S,1,,1,10025D,1,2-002
1-1-184,Sta 184,S,1,,1,100251,1,2-002
1-1-185,Sta 185,S,1,,1,10023C,1,2-002
1-1-186,Sta 186,S,1,,1,100224,1,2-002
1-1-187,Sta 187,S,1,,1,10000D,1,2-002
1-1-188,Sta 188,S,1,,1,1000E2,1,2-002
1-1-189,Sta 189,S,1,,1,1FE45A,1,2-002
1-1-190,Sta 190,S,1,,1,1FE442,1,2-002
1-1-191,Sta 191,S,1,,1,1FE464,1,2-002
1-1-192,Sta 192,S,1,,1,1FE477,1,2-002
1-1-193,Sta 193,S,1,,1,1FE462,1,2-002
1-1-194,Sta 194,S,1,,1,1FE45F,1,2-002
1-1-195,Sta 195,S,1,,1,1FE466,1,2-002
1-1-196,Sta 196,S,1,,1,1FE44A,1,2-002
1-1-197,Sta 197,S,1,,1,1000C7,1,2-002
1-1-198,Sta 198,S,1,,1,10021C,1,2-002
1-1-199,Sta 199,S,1,,1,100206,1,2-002
1-1-200,Sta 200,S,1,,1,100259,1,5-251
1-1-201,Sta 201,R,1,,1,100283,1,4-250
1-1-202,Sta 202,R,1,,1,10005C,1,4-250
1-1-203,Sta 203,R,1,,1,10009B,1,4-250
1-1-204,Sta 204,R,1,,1,10006D,1,4-250
1-1-205,Sta 205,R,1,,1,100079,1,4-250
1-1-206,Sta 206,R,1,,1,10007C,1,4-250
1-1-207,Sta 207,R,1,,1,100086,1,4-250
1-1-208,Sta 208,R,1,,1,100081,1,4-250
1-1-209,Sta 209,R,1,,1,100231,1,4-250
1-1-210,Sta 210,R,1,,1,100277,1,4-250
1-1-211,Sta 211,R,1,,1,1001D5,1,4-250
1-1-212,Sta 212,R,1,,1,1001E1,1,4-250
1-1-213,Sta 213,R,1,,1,1001E8,1,4-250
1-1-214,Sta 214,R,1,,1,100274,1,4-250
1-1-215,Sta 215,R,1,,1,1001E2,1,4-250
1-1-216,Sta 216,R,1,,1,1001F2,1,4-250
1-1-217,Sta 217,R,1,,1,100017,1,4-250
1-1-218,Sta 218,R,1,,1,100028,1,4-250
1-1-219,Sta 219,R,1,,1,100013,1,4-250
1-1-220,Sta 220,R,1,,1,100026,1,4-250
1-1-221,Sta 221,R,1,,1,10001F,1,4-250
1-1-222,Sta 222,R,1,,1,100020,1,4-250
1-1-223,Sta 223,R,1,,1,10001D,1,4-250
1-1-224,Sta 224,R,1,,1,1001E0,1,4-250
1-1-225,Sta 225,R,1,,1,20CDD8,1,4-250
1-1-226,Sta 226,R,1,,1,20CDF4,1,4-250
1-1-227,Sta 227,R,1,,1,20CDDB,1,4-250
1-1-228,Sta 228,R,1,,1,20CDD5,1,4-250
1-1-229,Sta 229,R,1,,1,1D8485,1,4-250
1-1-230,Sta 230,R,1,,1,1D8493,1,4-250
1-1-231,Sta 231,R,1,,1,1D848A,1,4-250
1-1-232,Sta 232,R,1,,1,1D849C,1,4-250
1-1-233,Sta 233,R,1,,1,1E6CF3,1,4-250
1-1-234,Sta 234,R,1,,1,1E6D49,1,4-250
1-1-235,Sta 235,R,1,,1,1E6D4A,1,4-250
1-1-236,Sta 236,R,1,,1,1E6D38,1,4-250
1-1-237,Sta 237,R,1,,1,100156,1,4-250
1-1-238,Sta 238,R,1,,1,10013F,1,4-250
1-1-239,Sta 239,R,1,,1,10014E,1,4-250
1-1-240,Sta 240,R,1,,1,100140,1,4-250
1-1-241,Sta 241,R,1,,1,10011F,1,4-250
1-1-242,Sta 242,R,1,,1,10010C,1,4-250
1-1-243,Sta 243,R,1,,1,10011C,1,4-250
1-1-244,Sta 244,R,1,,1,100113,1,4-250
1-1-245,Sta 245,R,1,,1,1FE449,1,4-250
1-1-246,Sta 246,R,1,,1,1FE444,1,4-250
1-1-247,Sta 247,R,1,,1,1FE450,1,4-250
1-1-248,Sta 248,R,1,,1,1FE458,1,4-250
1-1-249,Sta 249,R,1,,1,1FE45D,1,4-250
1-1-250,Sta 250,R,1,,1,1FE443,1,4-250
1-1-251,Sta 251,B,1,,1,1FE448,1,4-250
1-1-252,Sta 252,B,1,,1,1FE457,1,4-250
1-1-253,Sta 253,B,1,,1,100216,1,4-250
1-1-254,Sta 254,B,1,,1,100286,1,4-250
1-1-255,Sta 255,B,1,,1,1001C7,1,4-250
1-1-256,Sta 256,B,1,,1,10015E,1,4-250
1-1-257,Sta 257,B,1,,1,100041,1,4-250
1-1-258,Sta 258,B,1,,1,100122,1,4-250
1-1-259,Sta 259,B,1,,1,100044,1,4-250
1-1-260,Sta 260,B,1,,1,100057,1,4-250
1-1-261,Sta 261,B,1,,1,10007A,1,4-250
1-1-262,Sta 262,B,1,,1,10010F,1,4-250
1-1-263,Sta 263,B,1,,1,100108,1,4-250
1-1-264,Sta 264,B,1,,1,100123,1,4-250
1-1-265,Sta 265,B,1,,1,1000EB,1,4-250
1-1-266,Sta 266,B,1,,1,1000B1,1,4-250
1-1-267,Sta 267,B,1,,1,100272,1,4-250
1-1-268,Sta 268,B,1,,1,10028E,1,4-250
1-1-269,Sta 269,B,1,,1,1000E8,1,4-250
1-1-270,Sta 270,B,1,,1,100250,1,4-250
1-1-271,Sta 271,B,1,,1,1001FD,1,4-250
1-1-272,Sta 272,B,1,,1,10025C,1,4-250
1-1-273,Sta 273,B,1,,1,10002F,1,4-250
1-1-274,Sta 274,B,1,,1,100032,1,4-250
1-1-275,Sta 275,B,1,,1,100042,1,4-250
1-1-276,Sta 276,B,1,,1,100049,1,4-250
1-1-277,Sta 277,B,1,,1,100061,1,4-250
1-1-278,Sta 278,B,1,,1,10004A,1,4-250
1-1-279,Sta 279,B,1,,1,10005D,1,4-250
1-1-280,Sta 280,B,1,,1,100062,1,4-250
1-1-281,Sta 281,B,1,,1,20CDEC,1,4-250
1-1-282,Sta 282,B,1,,1,20CDE8,1,4-250
1-1-283,Sta 283,B,1,,1,20CDDA,1,4-250
1-1-284,Sta 284,B,1,,1,20CDF3,1,4-250
1-1-285,Sta 285,B,1,,1,1001FE,1,4-250
1-1-286,Sta 286,B,1,,1,10024B,1,4-250
1-1-287,Sta 287,B,1,,1,10028D,1,4-250
1-1-288,Sta 288,B,1,,1,100296,1,4-250
1-1-289,Sta 289,B,1,,1,1E6CE7,1,4-250
1-1-290,Sta 290,B,1,,1,1E6D0E,1,4-250
1-1-291,Sta 291,B,1,,1,1E6D4B,1,4-250
1-1-292,Sta 292,B,1,,1,1E6D30,1,4-250
1-1-293,Sta 293,B,1,,1,1FE44C,1,4-250
1-1-294,Sta 294,B,1,,1,1FE44D,1,4-250
1-1-295,Sta 295,B,1,,1,1FE452,1,4-250
1-1-296,Sta 296,B,1,,1,1FE48B,1,4-250
1-1-297,Sta 297,B,1,,1,1FE44E,1,4-250
1-1-298,Sta 298,B,1,,1,1FE453,1,4-250
1-1-299,Sta 299,B,1,,1,1FE46A,1,4-250
1-1-300,Sta 300,B,1,,1,1FE446,1,4-250
1-1-301,Sta 301,B,1,,1,1001C6,1,4-250
1-1-302,Sta 302,B,1,,1,1001C8,1,4-250
1-1-303,Sta 303,B,1,,1,1001CF,1,4-250
1-1-304,Sta 304,B,1,,1,1001AA,99,4-250
